{"autoplayTransitionDelay":5,"author":"","timestamp":"2022-31-6 14:12:2","loopSlideshow":0,"filename":"수요박람회(이성연)","autoplayBuildDelay":2,"comment":"","title":"수요박람회(이성연)","showMode":0,"creator":"Apple Keynote 12.2.1","slideList":["DB6005BA-2C91-43A2-AA7A-A9BB2779EAC5","FC8CCC52-58FE-4FE7-A29A-E7986FD31C8E","A55A55F5-7932-47ED-AFAD-B233858853FD","318F7CDA-92D3-4194-81D8-9C4F1590D6F0","33FD2A5A-7DBB-411D-A74C-15365CF67457","771BE0CC-7DEF-4D0F-AB05-6C9B8CCAEAAF","7DCF57EA-DC35-4476-BF0F-08D2D314B757","C6D87D1E-02B3-41A3-A456-F7038B173555","0AFC1FC8-DE47-4D15-BF02-00F92D18AC91","00121A35-EC5B-47D5-8F3B-456E460B3165","D68C6157-BA7E-4E2B-8EE6-4DE79059DEC1","A32850EE-ADF4-47C2-966E-9D43A72446C0","93C381A2-6D3A-4FA9-A3B3-93A303C4DFEE","A62571A1-C5AA-4253-8FDA-9DDA141A3363","D17E38EC-5419-4355-BBD3-DD7E2EA36396","63B0FC80-0E89-4454-B4DC-C0B839C06D62","21FCB155-45A0-40CC-8009-089E435D28E9"],"soundtrack":{"mode":0,"volume":1},"slideWidth":1920,"slideHeight":1080,"slideCount":17,"majorVersion":1,"minorVersion":2,"fonts":["HelveticaNeue-Bold","BMDoHyeon-OTF","Graphik-Medium","CanelaText-Regular","Graphik-Bold","Canela-Regular","CanelaText-Bold","Helvetica","Graphik-Semibold","BodoniOrnamentsITCTT","CanelaDeck-Regular","Futura-Medium","Canela-Bold","ChosunKm","HelveticaNeue","Graphik-Regular"]}